{"cameraMode":{"drawMode":0,"name":"Shaded","section":"Shading Mode"},"sceneLighting":true,"audioPlay":false,"sceneViewState":{"m_AlwaysRefresh":false,"showFog":true,"showSkybox":true,"showFlares":true,"showImageEffects":true,"showParticleSystems":true,"showVisualEffectGraphs":true,"m_FxEnabled":true},"in2DMode":false,"pivot":{"x":44.91735076904297,"y":-100.09481811523438,"z":260.3373107910156},"rotation":{"x":-0.16273148357868195,"y":-0.020100463181734086,"z":0.0033951380755752327,"w":-0.9864224195480347},"size":624.4786376953125,"orthographic":true}